"","date","ch4.corr","ch4.raw","lon","lat","alt"
"1",2020-03-13 13:49:59,2053.29117376589,2053.29117376589,8.603300805,47.390568725,0.001327419
"2",2020-03-13 13:50:01,2026.84717608397,2026.84717608397,8.6033007985,47.390568735,0.0003274095
"3",2020-03-13 13:50:03,2019.62060856969,2019.62060856969,8.6033008375,47.39056875,-0.002822581
"4",2020-03-13 13:50:05,2012.3940410554,2012.3940410554,8.603300809,47.390568755,0.002477419
"5",2020-03-13 13:50:07,2001.21932062055,2001.21932062055,8.603300812,47.390568745,0.006977419
"6",2020-03-13 13:50:09,1990.04768984609,1990.04768984609,8.6033008055,47.39056872,0.000927419
"7",2020-03-13 13:50:11,1987.08030909399,1987.08030909399,8.6033008265,47.390568745,-0.004022581
"8",2020-03-13 13:50:13,1986.20190467792,1986.20190467792,8.6033008175,47.39056874,0.0016774095
"9",2020-03-13 13:50:15,1985.32350026185,1985.32350026185,8.603300842,47.390568745,0.002377419
"10",2020-03-13 13:50:17,1983.55700253004,1983.55700253004,8.603300823,47.39056872,-0.001372581
"11",2020-03-13 13:50:19,1983.37256136714,1983.37256136714,8.6033008085,47.39056875,0.004627419
"12",2020-03-13 13:50:21,1983.18812020424,1983.18812020424,8.6033008195,47.39056872,0.004877419
"13",2020-03-13 13:50:23,1983.2095078699,1983.2095078699,8.603300828,47.390568705,0.004827419
"14",2020-03-13 13:50:25,1983.2295363141,1983.2295363141,8.6033008315,47.39056873,0.004477419
"15",2020-03-13 13:50:27,1983.39150104295,1983.39150104295,8.603300831,47.390568735,0.000527419
"16",2020-03-13 13:50:29,1983.55346577179,1983.55346577179,8.603300826,47.390568735,-0.000272581
"17",2020-03-13 13:50:31,1984.00956335592,1984.00956335592,8.6033008215,47.390568735,-0.003722581
"18",2020-03-13 13:50:33,1984.32324222885,1984.32324222885,8.603300813,47.390568735,-0.002472581
"19",2020-03-13 13:50:35,1984.38180494023,1984.38180494023,8.603300817,47.390568725,-0.004272581
"20",2020-03-13 13:50:37,1984.44036765161,1984.44036765161,8.6033009245,47.390568845,-0.002872581
"21",2020-03-13 13:50:39,1984.42593911403,1984.42593911403,8.6033009345,47.390568835,-0.003972581
"22",2020-03-13 13:50:41,1984.41587733765,1984.41587733765,8.6033022085,47.390568825,0.071677419
"23",2020-03-13 13:50:43,1984.61697011174,1984.61697011174,8.6033157065,47.390560375,5.573777419
"24",2020-03-13 13:50:45,1984.81806288583,1984.81806288583,8.603339,47.39055328,5.787977419
"25",2020-03-13 13:50:47,1985.80645915807,1985.80645915807,8.6033597985,47.390546775,5.930227419
"26",2020-03-13 13:50:49,1986.7845262323,1986.7845262323,8.603372402,47.390543045,5.359527419
"27",2020-03-13 13:50:51,1987.31580682018,1987.31580682018,8.6033973635,47.39053244,5.135027419
"28",2020-03-13 13:50:53,1987.84708740807,1987.84708740807,8.6034532625,47.390496555,4.918827419
"29",2020-03-13 13:50:55,1989.84310370077,1989.84310370077,8.603523764,47.390455725,4.890477419
"30",2020-03-13 13:50:57,1991.83819629751,1991.83819629751,8.60359681,47.39041969,4.896527419
"31",2020-03-13 13:50:59,1992.83806660449,1992.83806660449,8.603669732,47.3903868,4.905527419
"32",2020-03-13 13:51:01,1993.83793691146,1993.83793691146,8.6037336395,47.39035283,4.866727419
"33",2020-03-13 13:51:03,1998.03479247165,1998.03479247165,8.603792092,47.390317245,4.842327419
"34",2020-03-13 13:51:05,2002.23710835662,2002.23710835662,8.6038617935,47.39027469,4.923527419
"35",2020-03-13 13:51:07,2003.92663245772,2003.92663245772,8.60394161,47.390225155,4.924677419
"36",2020-03-13 13:51:09,2005.61615655882,2005.61615655882,8.6040218675,47.39017139,4.939927419
"37",2020-03-13 13:51:11,2012.17029048885,2012.17029048885,8.604073348,47.39013328,4.783177419
"38",2020-03-13 13:51:13,2018.71350429567,2018.71350429567,8.604077375,47.390127765,4.760527419
"39",2020-03-13 13:51:15,2020.64683389502,2020.64683389502,8.604078247,47.3901258,4.758127419
"40",2020-03-13 13:51:17,2022.58016349438,2022.58016349438,8.604071577,47.39011418,4.780077419
"41",2020-03-13 13:51:19,2027.1455913871,2027.1455913871,8.6040477075,47.39010271,4.891227419
"42",2020-03-13 13:51:21,2031.7243216832,2031.7243216832,8.6040115565,47.390088525,4.913327419
"43",2020-03-13 13:51:23,2032.40962973706,2032.40962973706,8.603970074,47.39006939,4.769377419
"44",2020-03-13 13:51:25,2033.09493779091,2033.09493779091,8.603929836,47.39004942,4.762327419
"45",2020-03-13 13:51:27,2029.90706564571,2029.90706564571,8.603893602,47.390030375,4.793827419
"46",2020-03-13 13:51:29,2026.69582767,2026.69582767,8.6038602135,47.39000923,4.824777419
"47",2020-03-13 13:51:31,2025.32714178546,2025.32714178546,8.603828416,47.389984805,4.854127419
"48",2020-03-13 13:51:33,2023.95845590093,2023.95845590093,8.6037989015,47.38996216,4.898127419
"49",2020-03-13 13:51:35,2017.66429419004,2017.66429419004,8.603787925,47.389957245,4.906277419
"50",2020-03-13 13:51:37,2011.39562116063,2011.39562116063,8.603793115,47.3899582,4.880277419
"51",2020-03-13 13:51:39,2009.64690602308,2009.64690602308,8.603796906,47.389960215,4.628827419
"52",2020-03-13 13:51:41,2007.89819088553,2007.89819088553,8.6037975545,47.389960815,3.869877419
"53",2020-03-13 13:51:43,2006.01924731844,2006.01924731844,8.6037965325,47.389960595,3.318777419
"54",2020-03-13 13:51:45,2004.12547557364,2004.12547557364,8.603794716,47.38995968,3.107127419
"55",2020-03-13 13:51:47,2003.46086948558,2003.46086948558,8.603793788,47.389959075,2.967877419
"56",2020-03-13 13:51:49,2002.79626339751,2002.79626339751,8.6037920335,47.389958565,3.037877419
"57",2020-03-13 13:51:51,2000.37982122093,2000.37982122093,8.6037906735,47.38995803,3.034677419
"58",2020-03-13 13:51:53,1997.97370368468,1997.97370368468,8.6037957345,47.38996338,2.981277419
"59",2020-03-13 13:51:55,1997.112980349,1997.112980349,8.6038077295,47.389977445,2.918927419
"60",2020-03-13 13:51:57,1996.25225701332,1996.25225701332,8.6038227985,47.38999204,2.847777419
"61",2020-03-13 13:51:59,1993.18274222876,1993.18274222876,8.6038397685,47.390004165,2.763477419
"62",2020-03-13 13:52:01,1990.10458539645,1990.10458539645,8.6038590845,47.390013085,2.774827419
"63",2020-03-13 13:52:03,1989.2114998901,1989.2114998901,8.603877526,47.39002139,2.746527419
"64",2020-03-13 13:52:05,1988.31841438376,1988.31841438376,8.603895268,47.390030615,2.802877419
"65",2020-03-13 13:52:07,1986.28535294846,1986.28535294846,8.603917005,47.390042325,2.749927419
"66",2020-03-13 13:52:09,1984.25468822362,1984.25468822362,8.603937858,47.39005368,2.702977419
"67",2020-03-13 13:52:11,1983.75465975169,1983.75465975169,8.603958987,47.39006334,2.679627419
"68",2020-03-13 13:52:13,1983.25463127976,1983.25463127976,8.6039842285,47.39007306,2.669527419
"69",2020-03-13 13:52:15,1982.62691977612,1982.62691977612,8.604010422,47.390082845,2.641277419
"70",2020-03-13 13:52:17,1981.99655558495,1981.99655558495,8.6040345585,47.39009264,2.609877419
"71",2020-03-13 13:52:19,1981.8582826128,1981.8582826128,8.6040590615,47.390102675,2.572227419
"72",2020-03-13 13:52:21,1981.72000964064,1981.72000964064,8.6040838465,47.390112735,2.570377419
"73",2020-03-13 13:52:23,1981.72290974835,1981.72290974835,8.60410887,47.39012447,2.575127419
"74",2020-03-13 13:52:25,1981.71983183572,1981.71983183572,8.6041330595,47.39013617,2.583477419
"75",2020-03-13 13:52:27,1981.73541580285,1981.73541580285,8.6041576565,47.390147285,2.593727419
"76",2020-03-13 13:52:29,1981.75099976999,1981.75099976999,8.6041824125,47.39015847,2.546277419
"77",2020-03-13 13:52:31,1981.95838903705,1981.95838903705,8.604209498,47.390169785,2.542827419
"78",2020-03-13 13:52:33,1982.16475603652,1982.16475603652,8.6042341745,47.390181405,2.575427419
"79",2020-03-13 13:52:35,1982.23537437883,1982.23537437883,8.6042595325,47.39019309,2.581827419
"80",2020-03-13 13:52:37,1982.30599272115,1982.30599272115,8.604286221,47.390205235,2.604127419
"81",2020-03-13 13:52:39,1982.55522896765,1982.55522896765,8.604309629,47.390219105,2.592127419
"82",2020-03-13 13:52:41,1982.80711565972,1982.80711565972,8.6043239355,47.390233265,2.619177419
"83",2020-03-13 13:52:43,1982.88172079645,1982.88172079645,8.6043282135,47.390247115,2.541177419
"84",2020-03-13 13:52:45,1982.95632593318,1982.95632593318,8.604333652,47.39026269,2.609127419
"85",2020-03-13 13:52:47,1982.87803540103,1982.87803540103,8.604340879,47.39028003,2.567177419
"86",2020-03-13 13:52:49,1982.80007967291,1982.80007967291,8.604361718,47.390299255,2.625627419
"87",2020-03-13 13:52:51,1982.77398087051,1982.77398087051,8.6043879805,47.39031995,2.613677419
"88",2020-03-13 13:52:53,1982.74788206811,1982.74788206811,8.604416125,47.390342395,2.607727419
"89",2020-03-13 13:52:55,1982.92625170499,1982.92625170499,8.6044400285,47.390361945,2.653427419
"90",2020-03-13 13:52:57,1983.11569295126,1983.11569295126,8.6044572755,47.39037408,2.722377419
"91",2020-03-13 13:52:59,1983.23954507546,1983.23954507546,8.6044601365,47.390375895,3.937477419
"92",2020-03-13 13:53:01,1983.4417548429,1983.4417548429,8.604460108,47.390374415,5.705527419
"93",2020-03-13 13:53:03,1983.64396461034,1983.64396461034,8.604461138,47.39037373,6.918827419
"94",2020-03-13 13:53:05,1984.03875071842,1984.03875071842,8.6044619835,47.390373735,7.398027419
"95",2020-03-13 13:53:07,1984.34461406488,1984.34461406488,8.604455641,47.3903705,7.376427419
"96",2020-03-13 13:53:09,1985.3633975449,1985.3633975449,8.604430857,47.39035903,7.436977419
"97",2020-03-13 13:53:11,1986.38218102493,1986.38218102493,8.604404734,47.390342055,7.426927419
"98",2020-03-13 13:53:13,1987.39988720411,1987.39988720411,8.604381245,47.390323265,7.395277419
"99",2020-03-13 13:53:15,1988.41867013162,1988.41867013162,8.604359724,47.39030745,7.362727419
"100",2020-03-13 13:53:17,1989.96482397043,1989.96482397043,8.604344119,47.390290555,7.304327419
"101",2020-03-13 13:53:19,1991.56589927357,1991.56589927357,8.604327223,47.39027032,7.245577419
"102",2020-03-13 13:53:21,1993.12155709678,1993.12155709678,8.6043165705,47.390246935,7.196577419
"103",2020-03-13 13:53:23,1994.76853370971,1994.76853370971,8.6043122345,47.39022837,7.115627419
"104",2020-03-13 13:53:25,1998.52951536062,1998.52951536062,8.6042998895,47.390217785,7.047227419
"105",2020-03-13 13:53:27,2002.29209682747,2002.29209682747,8.6042776595,47.39020257,7.069227419
"106",2020-03-13 13:53:29,2006.08299658867,2006.08299658867,8.604262627,47.3901854,7.107627419
"107",2020-03-13 13:53:31,2009.95853344246,2009.95853344246,8.604251699,47.390170495,7.040727419
"108",2020-03-13 13:53:33,2013.83407029624,2013.83407029624,8.6042396735,47.390153775,7.020827419
"109",2020-03-13 13:53:35,2025.72456024363,2025.72456024363,8.6042254255,47.390136785,7.029877419
"110",2020-03-13 13:53:37,2033.66568099932,2033.66568099932,8.604204597,47.390121,7.023727419
"111",2020-03-13 13:53:39,2042.36182254308,2042.36182254308,8.604181186,47.390109445,7.037577419
"112",2020-03-13 13:53:41,2057.09481269498,2057.09481269498,8.6041535165,47.390098225,7.082577419
"113",2020-03-13 13:53:43,2071.83200604319,2071.83200604319,8.604123258,47.390087425,7.128277419
"114",2020-03-13 13:53:45,2086.58389048726,2086.58389048726,8.604092513,47.390071765,7.113677419
"115",2020-03-13 13:53:47,2094.13838840674,2094.13838840674,8.6040629,47.39005521,7.129727419
"116",2020-03-13 13:53:49,2101.69288632622,2101.69288632622,8.604037726,47.390039495,7.168477419
"117",2020-03-13 13:53:51,2126.51247448409,2126.51247448409,8.604014493,47.39002579,7.131277419
"118",2020-03-13 13:53:53,2151.31145441954,2151.31145441954,8.603989723,47.390014025,7.127077419
"119",2020-03-13 13:53:55,2156.15390425739,2156.15390425739,8.60396318,47.390002235,7.138827419
"120",2020-03-13 13:53:57,2160.99635409524,2160.99635409524,8.6039369095,47.38999129,7.200777419
"121",2020-03-13 13:53:59,2156.38146238813,2156.38146238813,8.603910404,47.389979805,7.283727419
"122",2020-03-13 13:54:01,2153.30219772254,2153.30219772254,8.6038848615,47.38996771,7.269327419
"123",2020-03-13 13:54:03,2149.49279056973,2149.49279056973,8.6038546455,47.38995404,7.296177419
"124",2020-03-13 13:54:05,2145.68338341693,2145.68338341693,8.603827152,47.38994128,7.226827419
"125",2020-03-13 13:54:07,2110.73821018951,2110.73821018951,8.603800377,47.389929295,7.181477419
"126",2020-03-13 13:54:09,2075.80102672394,2075.80102672394,8.603777196,47.38991872,7.176527419
"127",2020-03-13 13:54:11,2065.21149530207,2065.21149530207,8.603752121,47.38990954,7.206477419
"128",2020-03-13 13:54:13,2054.6219638802,2054.6219638802,8.603721649,47.38989768,7.216127419
"129",2020-03-13 13:54:15,2032.75231904734,2032.75231904734,8.6036948245,47.38988214,7.275277419
"130",2020-03-13 13:54:17,2010.8927127166,2010.8927127166,8.6036817655,47.38986978,6.874727419
"131",2020-03-13 13:54:19,2004.92798026768,2004.92798026768,8.6036843145,47.38986704,5.671627419
"132",2020-03-13 13:54:21,1998.96324781876,1998.96324781876,8.6036851825,47.38986748,4.320077419
"133",2020-03-13 13:54:23,1995.54585594687,1995.54585594687,8.6036838295,47.38986781,3.552227419
"134",2020-03-13 13:54:25,1992.12192626323,1992.12192626323,8.6036816985,47.38986737,3.198327419
"135",2020-03-13 13:54:27,1990.82043174006,1990.82043174006,8.603681487,47.38986747,2.844077419
"136",2020-03-13 13:54:29,1992.37643614377,1992.37643614377,8.60368128,47.389867865,2.737177419
"137",2020-03-13 13:54:31,1993.92706884776,1993.92706884776,8.6036826335,47.389867455,2.739227419
"138",2020-03-13 13:54:33,1995.47619660603,1995.47619660603,8.603686154,47.389866875,2.851777419
"139",2020-03-13 13:54:35,1997.45434289874,1997.45434289874,8.6036981885,47.389868905,2.922877419
"140",2020-03-13 13:54:37,2000.98192100931,2000.98192100931,8.6037140745,47.38987295,3.000927419
"141",2020-03-13 13:54:39,2004.51400268548,2004.51400268548,8.603728133,47.38987891,3.033177419
"142",2020-03-13 13:54:41,2008.04769174012,2008.04769174012,8.6037419625,47.38988746,3.108177419
"143",2020-03-13 13:54:43,2011.88190387058,2011.88190387058,8.603757157,47.38989806,3.021477419
"144",2020-03-13 13:54:45,2015.71611600105,2015.71611600105,8.6037720485,47.389908555,2.975927419
"145",2020-03-13 13:54:47,2025.89941302134,2025.89941302134,8.6037878805,47.389920015,2.976677419
"146",2020-03-13 13:54:49,2032.68761719762,2032.68761719762,8.6038050735,47.38993474,2.970977419
"147",2020-03-13 13:54:51,2039.87984777398,2039.87984777398,8.603823212,47.38995251,2.830727419
"148",2020-03-13 13:54:53,2047.07207835034,2047.07207835034,8.603838689,47.389972305,2.784177419
"149",2020-03-13 13:54:55,2066.5803104971,2066.5803104971,8.603855775,47.389988255,2.729027419
"150",2020-03-13 13:54:57,2079.58425200455,2079.58425200455,8.6038801025,47.390005165,2.658127419
"151",2020-03-13 13:54:59,2086.01038647436,2086.01038647436,8.6039032165,47.39002486,2.495027419
"152",2020-03-13 13:55:01,2092.43652094418,2092.43652094418,8.603922376,47.39004485,2.385827419
"153",2020-03-13 13:55:03,2110.42173115292,2110.42173115292,8.6039389795,47.390063055,2.335927419
"154",2020-03-13 13:55:05,2128.40465704112,2128.40465704112,8.6039527645,47.3900814,2.268177419
"155",2020-03-13 13:55:07,2132.60959033185,2132.60959033185,8.603969635,47.390095445,2.200227419
"156",2020-03-13 13:55:09,2136.81452362257,2136.81452362257,8.6039931775,47.390107415,2.235727419
"157",2020-03-13 13:55:11,2127.38089411784,2127.38089411784,8.604016448,47.39011943,2.297177419
"158",2020-03-13 13:55:13,2117.95347645917,2117.95347645917,8.6040438705,47.390131835,2.316577419
"159",2020-03-13 13:55:15,2113.6636341252,2113.6636341252,8.6040707015,47.390145425,2.239377419
"160",2020-03-13 13:55:17,2109.37379179123,2109.37379179123,8.6040987645,47.390161215,2.208227419
"161",2020-03-13 13:55:19,2085.30825292918,2085.30825292918,8.6041206465,47.39017962,2.152777419
"162",2020-03-13 13:55:21,2061.23599189532,2061.23599189532,8.6041376205,47.390197585,2.147327419
"163",2020-03-13 13:55:23,2054.62519932495,2054.62519932495,8.6041511845,47.390215605,2.110177419
"164",2020-03-13 13:55:25,2048.01440675459,2048.01440675459,8.604163588,47.39023117,2.100777419
"165",2020-03-13 13:55:27,2045.15096201728,2045.15096201728,8.604164318,47.390236205,2.316877419
"166",2020-03-13 13:55:29,2042.2892500695,2042.2892500695,8.6041638915,47.390234455,3.243827419
"167",2020-03-13 13:55:31,2042.71249566768,2042.71249566768,8.6041682015,47.39023121,4.424827419
"168",2020-03-13 13:55:33,2056.0708544764,2056.0708544764,8.604173124,47.390231345,5.522177419
"169",2020-03-13 13:55:35,2069.43452494601,2069.43452494601,8.6041735635,47.39023132,5.367777419
"170",2020-03-13 13:55:37,2082.80069026651,2082.80069026651,8.6041500835,47.390220625,5.304377419
"171",2020-03-13 13:55:39,2097.72637973375,2097.72637973375,8.6041103125,47.39019736,5.275577419
"172",2020-03-13 13:55:41,2125.02397244174,2125.02397244174,8.604087953,47.390174755,5.218927419
"173",2020-03-13 13:55:43,2152.3096298182,2152.3096298182,8.6040771755,47.390158725,5.222177419
"174",2020-03-13 13:55:45,2179.58768223728,2179.58768223728,8.6040671315,47.39014368,5.217127419
"175",2020-03-13 13:55:47,2208.06355755578,2208.06355755578,8.6040534815,47.390128205,5.253977419
"176",2020-03-13 13:55:49,2239.29491737931,2239.29491737931,8.6040371205,47.39011106,5.230477419
"177",2020-03-13 13:55:51,2270.53676003153,2270.53676003153,8.604019122,47.390095435,5.196427419
"178",2020-03-13 13:55:53,2301.77540426826,2301.77540426826,8.603999337,47.3900822,5.226527419
"179",2020-03-13 13:55:55,2311.8224046048,2311.8224046048,8.603979016,47.39006966,5.250977419
"180",2020-03-13 13:55:57,2321.86940494134,2321.86940494134,8.603957823,47.390056175,5.178127419
"181",2020-03-13 13:55:59,2317.83058287663,2317.83058287663,8.6039366915,47.390041605,5.166127419
"182",2020-03-13 13:56:01,2315.13800089796,2315.13800089796,8.60391308,47.39002467,5.202827419
"183",2020-03-13 13:56:03,2308.22060678571,2308.22060678571,8.6038890325,47.390007205,5.218927419
"184",2020-03-13 13:56:05,2301.30321267345,2301.30321267345,8.6038653875,47.389990795,5.256277419
"185",2020-03-13 13:56:07,2238.95488665501,2238.95488665501,8.6038438,47.389971795,5.330727419
"186",2020-03-13 13:56:09,2176.60881987404,2176.60881987404,8.6038246805,47.38995167,5.303127419
"187",2020-03-13 13:56:11,2137.84216510238,2137.84216510238,8.603803879,47.38993409,5.339577419
"188",2020-03-13 13:56:13,2114.77223183099,2114.77223183099,8.603780856,47.389918485,5.323277419
"189",2020-03-13 13:56:15,2091.70229855959,2091.70229855959,8.6037554935,47.389904365,5.303677419
"190",2020-03-13 13:56:17,2045.55740389847,2045.55740389847,8.6037413165,47.38989622,6.262077419
"191",2020-03-13 13:56:19,2031.62527443111,2031.62527443111,8.603740093,47.389896805,9.141227419
"192",2020-03-13 13:56:21,2017.69314496375,2017.69314496375,8.603741165,47.38989779,9.677777419
"193",2020-03-13 13:56:23,2008.42560263436,2008.42560263436,8.6037418035,47.389898555,9.542777419
"194",2020-03-13 13:56:25,1999.1611897429,1999.1611897429,8.603741108,47.389898245,9.390177419
"195",2020-03-13 13:56:27,1994.85086720969,1994.85086720969,8.6037469435,47.38990149,9.401627419
"196",2020-03-13 13:56:29,1996.72527391494,1996.72527391494,8.6037670395,47.389912415,9.368477419
"197",2020-03-13 13:56:31,1998.59997468407,1998.59997468407,8.603790153,47.389929615,9.310777419
"198",2020-03-13 13:56:33,2000.4745830479,2000.4745830479,8.6038131165,47.38994959,9.268177419
"199",2020-03-13 13:56:35,2003.37785430962,2003.37785430962,8.6038363,47.38996953,9.255227419
"200",2020-03-13 13:56:37,2007.73679786546,2007.73679786546,8.603857878,47.3899873,9.236827419
"201",2020-03-13 13:56:39,2012.09216211328,2012.09216211328,8.6038767665,47.39000036,9.214077419
"202",2020-03-13 13:56:41,2016.45026588349,2016.45026588349,8.6038966945,47.3900101,9.266827419
"203",2020-03-13 13:56:43,2020.61909301195,2020.61909301195,8.6039145215,47.39002135,9.354877419
"204",2020-03-13 13:56:45,2024.7879201404,2024.7879201404,8.603931509,47.39003067,9.341677419
"205",2020-03-13 13:56:47,2034.32184447753,2034.32184447753,8.603943562,47.390038745,9.260827419
"206",2020-03-13 13:56:49,2040.669450665,2040.669450665,8.603958415,47.390048495,9.245977419
"207",2020-03-13 13:56:51,2044.63266818299,2044.63266818299,8.603978345,47.3900639,9.219677419
"208",2020-03-13 13:56:53,2045.04358052676,2045.04358052676,8.603993027,47.39007967,9.208427419
"209",2020-03-13 13:56:55,2045.43141075168,2045.43141075168,8.6040080295,47.390095885,9.246277419
"210",2020-03-13 13:56:57,2045.83589804007,2045.83589804007,8.6040251035,47.3901135,9.213527419
"211",2020-03-13 13:56:59,2042.89193496723,2042.89193496723,8.604046727,47.390131025,9.147527419
"212",2020-03-13 13:57:01,2039.94797189439,2039.94797189439,8.604069524,47.390149265,9.047727419
"213",2020-03-13 13:57:03,2028.84134498789,2028.84134498789,8.6040868905,47.39016931,9.010127419
"214",2020-03-13 13:57:05,2021.42933942628,2021.42933942628,8.604101394,47.390191215,8.994427419
"215",2020-03-13 13:57:07,2017.55439174173,2017.55439174173,8.6041198315,47.3902153,8.992027419
"216",2020-03-13 13:57:09,2013.67944405717,2013.67944405717,8.604138025,47.39024108,8.913227419
"217",2020-03-13 13:57:11,2007.99052510848,2007.99052510848,8.6041660885,47.3902628,8.931177419
"218",2020-03-13 13:57:13,2004.20711852645,2004.20711852645,8.604208929,47.390278955,8.926627419
"219",2020-03-13 13:57:15,2003.47949888885,2003.47949888885,8.604265233,47.390293165,8.889727419
"220",2020-03-13 13:57:17,2002.75187925125,2002.75187925125,8.6043054155,47.39031182,8.952127419
"221",2020-03-13 13:57:19,2006.60679773489,2006.60679773489,8.604317401,47.390322365,8.207927419
"222",2020-03-13 13:57:21,2010.45821367632,2010.45821367632,8.604316609,47.390323935,6.514427419
"223",2020-03-13 13:57:23,2012.54320239462,2012.54320239462,8.6043153625,47.39032278,4.805827419
"224",2020-03-13 13:57:25,2014.62819111292,2014.62819111292,8.604317103,47.390323165,3.085077419
"225",2020-03-13 13:57:27,2025.15192356535,2025.15192356535,8.604320161,47.39032384,1.611627419
"226",2020-03-13 13:57:29,2035.68205144895,2035.68205144895,8.6043228725,47.39032302,1.305527419
"227",2020-03-13 13:57:31,2045.70692161986,2045.70692161986,8.6043230805,47.39032138,1.243777419
"228",2020-03-13 13:57:33,2060.50576849081,2060.50576849081,8.6043021125,47.39031179,1.221577419
"229",2020-03-13 13:57:35,2075.30385259861,2075.30385259861,8.604266502,47.390296755,1.219177419
"230",2020-03-13 13:57:37,2090.10241947069,2090.10241947069,8.604240609,47.39028507,1.396727419
"231",2020-03-13 13:57:39,2109.15042228802,2109.15042228802,8.604223131,47.390275215,1.455827419
"232",2020-03-13 13:57:41,2155.8553755659,2155.8553755659,8.604206209,47.39026425,1.484727419
"233",2020-03-13 13:57:43,2179.20558175128,2179.20558175128,8.6041878475,47.39025251,1.519027419
"234",2020-03-13 13:57:45,2202.55578793665,2202.55578793665,8.6041663825,47.39023824,1.547827419
"235",2020-03-13 13:57:47,2242.67122633506,2242.67122633506,8.6041445905,47.390221705,1.589227419
"236",2020-03-13 13:57:49,2338.85332679,2338.85332679,8.604123613,47.390205335,1.632527419
"237",2020-03-13 13:57:51,2386.93984995863,2386.93984995863,8.6041034435,47.390189505,1.676977419
"238",2020-03-13 13:57:53,2435.02637312726,2435.02637312726,8.6040860255,47.39017382,1.670777419
"239",2020-03-13 13:57:55,2507.86271417537,2507.86271417537,8.604067955,47.39016017,1.690277419
"240",2020-03-13 13:57:57,2602.10031141527,2602.10031141527,8.604051696,47.390147435,1.747227419
"241",2020-03-13 13:57:59,2696.33936843387,2696.33936843387,8.604036731,47.390135785,1.761027419
"242",2020-03-13 13:58:01,2790.5775190444,2790.5775190444,8.6040211745,47.39012445,1.698877419
"243",2020-03-13 13:58:03,2869.67909478821,2869.67909478821,8.604004479,47.39011362,1.674327419
"244",2020-03-13 13:58:05,2943.68046526784,2943.68046526784,8.603984147,47.390102015,1.693027419
"245",2020-03-13 13:58:07,2980.68106475551,2980.68106475551,8.6039639125,47.39008897,1.701427419
"246",2020-03-13 13:58:09,3017.68166424318,3017.68166424318,8.6039434955,47.3900763,1.799677419
"247",2020-03-13 13:58:11,3019.08325825814,3019.08325825814,8.603923764,47.390065155,1.938677419
"248",2020-03-13 13:58:13,3020.48485227311,3020.48485227311,8.603907679,47.39005353,2.082577419
"249",2020-03-13 13:58:15,2958.9527312027,2958.9527312027,8.6038943625,47.390042085,2.193027419
"250",2020-03-13 13:58:17,2917.91519777659,2917.91519777659,8.6038811085,47.390031645,2.308127419
"251",2020-03-13 13:58:19,2875.75012074869,2875.75012074869,8.603867178,47.390020765,2.393327419
"252",2020-03-13 13:58:21,2808.27985384867,2808.27985384867,8.6038563785,47.39001022,2.501327419
"253",2020-03-13 13:58:23,2740.81336142766,2740.81336142766,8.6038408215,47.389999355,2.505077419
"254",2020-03-13 13:58:25,2721.01336706908,2721.01336706908,8.603821089,47.389989125,2.524727419
"255",2020-03-13 13:58:27,2701.2133727105,2701.2133727105,8.6037960395,47.389980225,2.566927419
"256",2020-03-13 13:58:29,2672.12401728342,2672.12401728342,8.60377236,47.389971595,2.588927419
"257",2020-03-13 13:58:31,2643.05550701128,2643.05550701128,8.603754742,47.38996467,2.614227419
"258",2020-03-13 13:58:33,2613.96841581094,2613.96841581094,8.6037370515,47.389957885,2.644327419
"259",2020-03-13 13:58:35,2574.29546329507,2574.29546329507,8.603715979,47.38994879,2.652977419
"260",2020-03-13 13:58:37,2518.00875664351,2518.00875664351,8.6036956795,47.38993705,2.734127419
"261",2020-03-13 13:58:39,2433.56074357045,2433.56074357045,8.6036801575,47.38992471,2.792927419
"262",2020-03-13 13:58:41,2390.17909273619,2390.17909273619,8.6036633165,47.38991312,2.825027419
"263",2020-03-13 13:58:43,2346.79744190194,2346.79744190194,8.6036419345,47.3899008,2.814227419
"264",2020-03-13 13:58:45,2285.60229279838,2285.60229279838,8.6036195295,47.389890485,3.010927419
"265",2020-03-13 13:58:47,2224.39841626534,2224.39841626534,8.6035998255,47.38988202,3.135727419
"266",2020-03-13 13:58:49,2163.20348865466,2163.20348865466,8.6035790045,47.389873435,3.120027419
"267",2020-03-13 13:58:51,2117.35382724471,2117.35382724471,8.6035544015,47.389863975,3.140427419
"268",2020-03-13 13:58:53,2076.68215536072,2076.68215536072,8.603530917,47.38985413,3.163827419
"269",2020-03-13 13:58:55,2056.34625034439,2056.34625034439,8.6035087765,47.38984296,3.211927419
"270",2020-03-13 13:58:57,2036.01034532806,2036.01034532806,8.603493727,47.38983399,3.409377419
"271",2020-03-13 13:58:59,2017.51224294315,2017.51224294315,8.603494379,47.38983209,4.569427419
"272",2020-03-13 13:59:01,2006.25628112775,2006.25628112775,8.6034954395,47.389832995,5.730327419
"273",2020-03-13 13:59:03,2000.6283303939,2000.6283303939,8.603496034,47.38983374,5.916777419
"274",2020-03-13 13:59:05,1995.00037966005,1995.00037966005,8.60349963,47.389835565,5.851477419
"275",2020-03-13 13:59:07,1989.95654675772,1989.95654675772,8.6035099865,47.389841665,5.717877419
"276",2020-03-13 13:59:09,1988.06219484651,1988.06219484651,8.603522738,47.389850375,5.617977419
"277",2020-03-13 13:59:11,1987.11524844097,1987.11524844097,8.6035398895,47.389857475,5.566627419
"278",2020-03-13 13:59:13,1986.16830203544,1986.16830203544,8.6035682745,47.389864175,5.495877419
"279",2020-03-13 13:59:15,1985.706089318,1985.706089318,8.603607513,47.38987343,5.443627419
"280",2020-03-13 13:59:17,1985.24387660056,1985.24387660056,8.6036485925,47.38988833,5.375577419
"281",2020-03-13 13:59:19,1984.9180148621,1984.9180148621,8.6036818595,47.38990332,5.286527419
"282",2020-03-13 13:59:21,1984.59157279064,1984.59157279064,8.6037085505,47.38991651,5.331677419
"283",2020-03-13 13:59:23,1984.51120970803,1984.51120970803,8.603732448,47.3899295,5.361727419
"284",2020-03-13 13:59:25,1984.86264846864,1984.86264846864,8.6037522195,47.38994182,5.388977419
"285",2020-03-13 13:59:27,1985.21650422431,1985.21650422431,8.603767477,47.3899527,5.365827419
"286",2020-03-13 13:59:29,1985.34172190566,1985.34172190566,8.603778318,47.389964175,5.334227419
"287",2020-03-13 13:59:31,1985.46693958701,1985.46693958701,8.6037896545,47.389979845,5.355527419
"288",2020-03-13 13:59:33,1985.75081524277,1985.75081524277,8.603805824,47.390002115,5.325427419
"289",2020-03-13 13:59:35,1986.03474155688,1986.03474155688,8.603828013,47.39002663,5.374777419
"290",2020-03-13 13:59:37,1986.31861721988,1986.31861721988,8.603848351,47.39004852,5.393327419
"291",2020-03-13 13:59:39,1986.67414323972,1986.67414323972,8.6038686255,47.39006656,5.387827419
"292",2020-03-13 13:59:41,1987.10050904039,1987.10050904039,8.603904824,47.390081375,5.379277419
"293",2020-03-13 13:59:43,1987.73779537036,1987.73779537036,8.6039535225,47.390095705,5.460827419
"294",2020-03-13 13:59:45,1988.2042074055,1988.2042074055,8.604008451,47.390111055,5.514277419
"295",2020-03-13 13:59:47,1988.67061944065,1988.67061944065,8.604054953,47.39012795,5.447127419
"296",2020-03-13 13:59:49,1989.69783485764,1989.69783485764,8.6040896145,47.39014673,5.396277419
"297",2020-03-13 13:59:51,1990.70824778602,1990.70824778602,8.6041156225,47.390164515,5.387927419
"298",2020-03-13 13:59:53,1991.73751220371,1991.73751220371,8.6041424745,47.390181375,5.436577419
"299",2020-03-13 13:59:55,1993.3908374969,1993.3908374969,8.604172527,47.390199645,5.459977419
"300",2020-03-13 13:59:57,1996.72215871076,1996.72215871076,8.604204879,47.390217985,5.471677419
"301",2020-03-13 13:59:59,1998.38520281824,1998.38520281824,8.604236356,47.39023545,5.396777419
"302",2020-03-13 14:00:01,2000.04824692573,2000.04824692573,8.6042668565,47.39025596,5.295577419
"303",2020-03-13 14:00:03,2003.01925629231,2003.01925629231,8.6042979435,47.39027679,5.227777419
"304",2020-03-13 14:00:05,2008.63049785065,2008.63049785065,8.6043299165,47.39029857,5.208127419
"305",2020-03-13 14:00:07,2011.43591778492,2011.43591778492,8.6043621815,47.39032015,5.299477419
"306",2020-03-13 14:00:09,2014.24133771919,2014.24133771919,8.604371566,47.39033142,6.230877419
"307",2020-03-13 14:00:11,2017.28470191375,2017.28470191375,8.60437226,47.390332525,8.525827419
"308",2020-03-13 14:00:13,2020.41538710521,2020.41538710521,8.6043722705,47.39032929,10.67567742
"309",2020-03-13 14:00:15,2021.9811283014,2021.9811283014,8.604375582,47.390328835,10.47837742
"310",2020-03-13 14:00:17,2023.54686949758,2023.54686949758,8.6043747595,47.39032905,10.29777742
"311",2020-03-13 14:00:19,2023.17345924427,2023.17345924427,8.6043623235,47.3903232,10.22277742
"312",2020-03-13 14:00:21,2017.7012134332,2017.7012134332,8.604338622,47.390306745,10.16722742
"313",2020-03-13 14:00:23,2012.22897020544,2012.22897020544,8.6043125605,47.39028702,10.19347742
"314",2020-03-13 14:00:25,2010.26656457556,2010.26656457556,8.6042895895,47.3902697,10.17492742
"315",2020-03-13 14:00:27,2008.30415894567,2008.30415894567,8.604271254,47.390253975,10.08972742
"316",2020-03-13 14:00:29,2001.88225842419,2001.88225842419,8.6042583725,47.390239375,10.03387742
"317",2020-03-13 14:00:31,1995.46119103482,1995.46119103482,8.6042458425,47.39022546,10.01742742
"318",2020-03-13 14:00:33,1994.20810337862,1994.20810337862,8.6042237955,47.390212485,10.0057774195
"319",2020-03-13 14:00:35,1992.95501572242,1992.95501572242,8.604197494,47.39019474,10.06592742
"320",2020-03-13 14:00:37,1992.63986953498,1992.63986953498,8.6041728585,47.39017528,10.13812742
"321",2020-03-13 14:00:39,1992.3244639926,1992.3244639926,8.6041409995,47.390159235,10.22022742
"322",2020-03-13 14:00:41,1992.57241957434,1992.57241957434,8.6041062195,47.3901427,10.28412742
"323",2020-03-13 14:00:43,1992.82037515609,1992.82037515609,8.60407817,47.39012054,10.30852742
"324",2020-03-13 14:00:45,1995.20546958929,1995.20546958929,8.6040592625,47.39009946,10.27842742
"325",2020-03-13 14:00:47,1997.59035391364,1997.59035391364,8.6040434675,47.39007963,10.20232742
"326",2020-03-13 14:00:49,1998.58395682681,1998.58395682681,8.6040259765,47.390060165,10.19682742
"327",2020-03-13 14:00:51,1999.57755973998,1999.57755973998,8.604004655,47.390039835,10.19972742
"328",2020-03-13 14:00:53,2003.35288872108,2003.35288872108,8.6039798615,47.39001861,10.17452742
"329",2020-03-13 14:00:55,2007.12683312714,2007.12683312714,8.603953103,47.389994875,10.08747742
"330",2020-03-13 14:00:57,2008.18008684417,2008.18008684417,8.6039229275,47.389972795,10.03582742
"331",2020-03-13 14:00:59,2009.23334056121,2009.23334056121,8.6038953,47.38995292,9.946127419
"332",2020-03-13 14:01:01,2011.46967145363,2011.46967145363,8.603871057,47.389935145,9.970077419
"333",2020-03-13 14:01:03,2013.70677600126,2013.70677600126,8.6038500145,47.389919415,9.960477419
"334",2020-03-13 14:01:05,2013.80836965041,2013.80836965041,8.603828443,47.389906545,9.927577419
"335",2020-03-13 14:01:07,2013.90996329956,2013.90996329956,8.6038033765,47.38989273,9.981227419
"336",2020-03-13 14:01:09,2012.56015766768,2012.56015766768,8.6037741075,47.38987647,10.0395774195
"337",2020-03-13 14:01:11,2011.20969324724,2011.20969324724,8.6037600635,47.389863635,9.7908274195
"338",2020-03-13 14:01:13,2009.87533708347,2009.87533708347,8.6037637175,47.389860705,8.211227419
"339",2020-03-13 14:01:15,2008.5409809197,2008.5409809197,8.603764425,47.389862995,6.084377419
"340",2020-03-13 14:01:17,2003.340722133,2003.340722133,8.6037624605,47.389864815,4.152427419
"341",2020-03-13 14:01:19,1998.13663613141,1998.13663613141,8.603759373,47.38986451,3.653527419
"342",2020-03-13 14:01:21,1996.92574408655,1996.92574408655,8.6037580325,47.3898642,3.293777419
"343",2020-03-13 14:01:23,1995.71485204169,1995.71485204169,8.6037602385,47.38986476,3.236327419
"344",2020-03-13 14:01:25,1992.51634451897,1992.51634451897,8.603777351,47.38987123,3.314177419
"345",2020-03-13 14:01:27,1989.30128848227,1989.30128848227,8.603796255,47.389881455,3.458477419
"346",2020-03-13 14:01:29,1989.3122042577,1989.3122042577,8.6038144085,47.38989365,3.503577419
"347",2020-03-13 14:01:31,1989.32312003314,1989.32312003314,8.6038335225,47.38990649,3.535227419
"348",2020-03-13 14:01:33,1989.75512908017,1989.75512908017,8.603850134,47.389919715,3.513327419
"349",2020-03-13 14:01:35,1990.1829796617,1990.1829796617,8.6038631285,47.38993261,3.478977419
"350",2020-03-13 14:01:37,1990.63387964579,1990.63387964579,8.603874627,47.389944015,3.372827419
"351",2020-03-13 14:01:39,1991.08477962987,1991.08477962987,8.6038914815,47.38995687,3.338277419
"352",2020-03-13 14:01:41,1992.03520672321,1992.03520672321,8.603910307,47.38997117,3.327327419
"353",2020-03-13 14:01:43,1993.4806346788,1993.4806346788,8.603930361,47.38998473,3.428477419
"354",2020-03-13 14:01:45,1994.61034009204,1994.61034009204,8.6039492615,47.38999686,3.471477419
"355",2020-03-13 14:01:47,1995.74004550528,1995.74004550528,8.603970561,47.390009815,3.455927419
"356",2020-03-13 14:01:49,1997.73697129898,1997.73697129898,8.603996264,47.39002063,3.373477419
"357",2020-03-13 14:01:51,1999.72836675282,1999.72836675282,8.60402185,47.3900316,3.328327419
"358",2020-03-13 14:01:53,2001.69989422738,2001.69989422738,8.604046824,47.39004484,3.334027419
"359",2020-03-13 14:01:55,2004.70759081756,2004.70759081756,8.604067533,47.39006183,3.323377419
"360",2020-03-13 14:01:57,2007.99499287568,2007.99499287568,8.604087475,47.390079495,3.306377419
"361",2020-03-13 14:01:59,2011.28755312118,2011.28755312118,8.6041086205,47.390096135,3.283177419
"362",2020-03-13 14:02:01,2014.59846228939,2014.59846228939,8.6041295675,47.390112225,3.220577419
"363",2020-03-13 14:02:03,2019.97464408296,2019.97464408296,8.604152278,47.390127885,3.186677419
"364",2020-03-13 14:02:05,2029.15730788705,2029.15730788705,8.6041688055,47.39014621,3.210677419
"365",2020-03-13 14:02:07,2033.7439704939,2033.7439704939,8.6041803655,47.39016495,3.292677419
"366",2020-03-13 14:02:09,2038.33063310075,2038.33063310075,8.6041898815,47.390184455,3.297127419
"367",2020-03-13 14:02:11,2050.2473925327,2050.2473925327,8.6041973,47.39020517,3.264477419
"368",2020-03-13 14:02:13,2069.26748970548,2069.26748970548,8.6042042135,47.390221365,3.206277419
"369",2020-03-13 14:02:15,2088.29160837773,2088.29160837773,8.6042178745,47.39023504,3.145727419
"370",2020-03-13 14:02:17,2100.45170885303,2100.45170885303,8.6042342205,47.39024932,3.058977419
"371",2020-03-13 14:02:19,2112.61180932832,2112.61180932832,8.60425333,47.39026177,2.959977419
"372",2020-03-13 14:02:21,2151.96739352881,2151.96739352881,8.604274301,47.39027684,2.920627419
"373",2020-03-13 14:02:23,2192.37762861224,2192.37762861224,8.6042941495,47.390293215,2.871027419
"374",2020-03-13 14:02:25,2220.19367994605,2220.19367994605,8.6043115145,47.39031202,2.839427419
"375",2020-03-13 14:02:27,2248.00973127985,2248.00973127985,8.604329833,47.390331335,2.786627419
"376",2020-03-13 14:02:29,2331.4574136235,2331.4574136235,8.6043477615,47.390349795,2.796677419
"377",2020-03-13 14:02:31,2419.78653356213,2419.78653356213,8.6043650095,47.390367695,2.861077419
"378",2020-03-13 14:02:33,2466.31968467146,2466.31968467146,8.604382983,47.390384685,2.962777419
"379",2020-03-13 14:02:35,2512.85283578079,2512.85283578079,8.6044018435,47.390398325,2.964977419
"380",2020-03-13 14:02:37,2652.41605727794,2652.41605727794,8.604421361,47.39041127,2.899627419
"381",2020-03-13 14:02:39,2787.84721804245,2787.84721804245,8.6044445115,47.390424335,2.906477419
"382",2020-03-13 14:02:41,2809.09329427574,2809.09329427574,8.60446766,47.390438355,2.907877419
"383",2020-03-13 14:02:43,2830.33937050904,2830.33937050904,8.604491992,47.390453185,2.910927419
"384",2020-03-13 14:02:45,2894.11030506067,2894.11030506067,8.6045226965,47.39046608,2.974977419
"385",2020-03-13 14:02:47,2943.20619537103,2943.20619537103,8.6045549975,47.390479375,2.961627419
"386",2020-03-13 14:02:49,2900.00013540072,2900.00013540072,8.6045850515,47.39048993,2.994927419
"387",2020-03-13 14:02:51,2856.7940754304,2856.7940754304,8.6046154875,47.390498445,3.021677419
"388",2020-03-13 14:02:53,2770.38710427464,2770.38710427464,8.6046446385,47.390511625,2.970777419
"389",2020-03-13 14:02:55,2639.82677599844,2639.82677599844,8.6046689615,47.3905275,2.949777419
"390",2020-03-13 14:02:57,2571.40364643053,2571.40364643053,8.6046903095,47.39054129,2.905377419
"391",2020-03-13 14:02:59,2502.98051686261,2502.98051686261,8.6047155495,47.390552125,2.863827419
"392",2020-03-13 14:03:01,2410.30040649942,2410.30040649942,8.6047492635,47.39056488,2.853377419
"393",2020-03-13 14:03:03,2317.59689394382,2317.59689394382,8.6047840795,47.390581385,2.810227419
"394",2020-03-13 14:03:05,2238.60839414181,2238.60839414181,8.6048174305,47.39060104,2.783677419
"395",2020-03-13 14:03:07,2200.72361837748,2200.72361837748,8.6048397845,47.390623365,2.824877419
"396",2020-03-13 14:03:09,2143.89073281056,2143.89073281056,8.6048574975,47.390645755,2.844177419
"397",2020-03-13 14:03:11,2116.84509652118,2116.84509652118,8.6048643125,47.39066052,2.895927419
"398",2020-03-13 14:03:13,2089.79946023181,2089.79946023181,8.604846361,47.39067153,2.935927419
"399",2020-03-13 14:03:15,2068.60897504422,2068.60897504422,8.6047540015,47.39071813,2.986677419
"400",2020-03-13 14:03:17,2047.41559135125,2047.41559135125,8.604545488,47.390740465,2.993477419
"401",2020-03-13 14:03:19,2026.22513616866,2026.22513616866,8.6042465835,47.390733245,3.097727419
"402",2020-03-13 14:03:21,2009.15721223169,2009.15721223169,8.6039007515,47.390707625,3.375677419
"403",2020-03-13 14:03:23,2002.99712640685,2002.99712640685,8.6035761325,47.39066231,3.739127419
"404",2020-03-13 14:03:25,1993.77091192956,1993.77091192956,8.603409885,47.390634755,3.411827419
"405",2020-03-13 14:03:27,1989.76099238769,1989.76099238769,8.6033643335,47.390604535,3.380627419
"406",2020-03-13 14:03:29,1985.75107284583,1985.75107284583,8.60332064,47.390570015,2.803977419
"407",2020-03-13 14:03:31,1985.60105526202,1985.60105526202,8.603309058,47.39056232,1.374727419
"408",2020-03-13 14:03:33,1985.3842666711,1985.3842666711,8.603307113,47.39056251,0.438227419
"409",2020-03-13 14:03:35,1985.38909523936,1985.38909523936,8.603308728,47.39056436,0.087977419
"410",2020-03-13 14:03:37,1985.39392380763,1985.39392380763,8.603310415,47.39056435,0.005927419
"411",2020-03-13 14:03:39,1986.35158432066,1986.35158432066,8.6033104275,47.3905644,0.008127419
"412",2020-03-13 14:03:41,1987.30924483368,1987.30924483368,8.603310426,47.39056442,0.003777419
"413",2020-03-13 14:03:43,1988.33088342203,1988.33088342203,8.6033104355,47.390564415,0.001627419
"414",2020-03-13 14:03:45,1989.35252201037,1989.35252201037,8.603310431,47.39056442,-0.000172581
"415",2020-03-13 14:03:47,1990.85955194406,1990.85955194406,8.603310418,47.390564425,-0.000272581
"416",2020-03-13 14:03:49,1992.36658187776,1992.36658187776,8.6033104285,47.390564455,0.003077419
"417",2020-03-13 14:03:51,1994.00662998528,1994.00662998528,8.6033104195,47.39056448,0.003277419
"418",2020-03-13 14:03:53,1995.64667809279,1995.64667809279,8.603310429,47.390564445,0.005277419
"419",2020-03-13 14:03:55,1998.51510729846,1998.51510729846,8.6033103955,47.39056444,-0.000422581
"420",2020-03-13 14:03:57,2001.36176683751,2001.36176683751,8.6033104205,47.39056446,-0.005922581
"421",2020-03-13 14:03:59,2004.2336267608,2004.2336267608,8.6033104285,47.390564445,-0.000922581
"422",2020-03-13 14:04:01,2007.42543270761,2007.42543270761,8.603310426,47.39056442,-0.000672581
"423",2020-03-13 14:04:03,2012.16877982153,2012.16877982153,8.603310419,47.390564415,-0.000472581
"424",2020-03-13 14:04:05,2016.8908639931,2016.8908639931,8.603310418,47.39056445,0.002077419
"425",2020-03-13 14:04:07,2021.63293137584,2021.63293137584,8.603310413,47.39056444,0.001077419
